notification_id,signal_id,sent_at,notification_status,symbol,side,strategy_family,strategy_version,score,market_regime,entry_price,stop_price,take_profit_price,reward_risk,source_data_timestamp,entry_time,paper_entry_price,entry_fill_price,paper_stop_price,paper_take_profit_price,exit_time,exit_price,exit_reason,gross_pnl_usdt,fees_usdt,funding_usdt,slippage_usdt,net_pnl_usdt,r_multiple,holding_hours,time_since_previous_same_symbol_hours,mfe_pct,mae_pct,failure_set_classification
045e6def-1d79-4db9-84c4-82725d802a26,07a486ec-5aeb-4a37-8735-a7078521bf3d,2026-08-12 06:02:07.282+00,SENT,MOVRUSDT,SHORT,TREND,rules-profit-oriented-v4,75.194,BEAR,0.893,0.915,0.849,2.000,2026-08-12 05:59:59.999+00,2026-08-12 05:59:59.999+00,0.893000000000,0.892821400000,0.915000000000,0.849000000000,2026-08-12 07:59:59.999+00,0.901180200000,SIGNAL_REPLACED,-18.72070283,1.60716710,0.00000000,0.80358283,-20.32786993,-0.41256367,2.000000,NOT_AVAILABLE,NOT_AVAILABLE,NOT_AVAILABLE,KNOWN_FAILURE_AUDIT
8aee4df9-0764-49c9-ba4f-c3e4baac88f9,068fedf9-747c-41c6-8c46-630517745b06,2026-08-12 08:02:07.497+00,SENT,MOVRUSDT,SHORT,TREND,rules-profit-oriented-v4,78.387,BEAR,0.901,0.918,0.867,2.000,2026-08-12 07:59:59.999+00,2026-08-12 07:59:59.999+00,0.901000000000,0.900819800000,0.918000000000,0.867000000000,2026-08-12 09:59:59.999+00,0.867173400000,TAKE_PROFIT,74.68659640,1.56980116,0.09997974,0.78490360,73.21677498,1.94024963,2.000000,2.000060,NOT_AVAILABLE,NOT_AVAILABLE,KNOWN_FAILURE_AUDIT
63bd4766-12bc-4da3-b6a2-6284d1a1eba8,dc3020fd-5672-4157-a1f5-0f697672bfca,2026-08-12 10:02:07.028+00,SENT,COTIUSDT,SHORT,TREND,rules-profit-oriented-v4,77.625,BEAR,0.009512,0.009733,0.00907,2.000,2026-08-12 09:59:59.999+00,2026-08-12 09:59:59.999+00,0.009512000000,0.009510097600,0.009733000000,0.009070000000,2026-08-12 16:29:59.999+00,0.009734946600,STOP_LOSS,-47.27675074,1.61858520,-4.83433631,0.80929074,-53.72967224,-1.15628597,6.500000,NOT_AVAILABLE,NOT_AVAILABLE,NOT_AVAILABLE,KNOWN_FAILURE_AUDIT
e5ffaef8-2423-48de-b388-6b01627b26b7,20571fe3-629f-4c1f-bcda-71f1d925c0e9,2026-08-12 17:02:07.508+00,SENT,LABUSDT,SHORT,TREND,rules-profit-oriented-v4,75.787,BEAR,0.1147,0.1182,0.1077,2.000,2026-08-12 16:59:59.999+00,2026-08-12 16:59:59.999+00,0.114700000000,0.114677060000,0.118200000000,0.107700000000,2026-08-12 18:59:59.999+00,0.115823160000,SIGNAL_REPLACED,-16.37203850,1.31707826,0.00000000,0.65853850,-17.68911676,-0.35380003,2.000000,NOT_AVAILABLE,NOT_AVAILABLE,NOT_AVAILABLE,KNOWN_FAILURE_AUDIT
49ff8894-e013-4e29-b068-e3bf84cf3213,6f223487-bdf1-4b22-9c81-674a5a78ad95,2026-08-12 19:02:10.83+00,SENT,LABUSDT,SHORT,TREND,rules-profit-oriented-v4,77.264,BEAR,0.1158,0.1178,0.1118,2.000,2026-08-12 18:59:59.999+00,2026-08-12 18:59:59.999+00,0.115800000000,0.115776840000,0.117800000000,0.111800000000,2026-08-13 04:44:59.999+00,0.111822360000,TAKE_PROFIT,68.29782408,1.57234631,0.38220007,0.78617592,67.10767783,1.94278495,9.750000,2.000923,NOT_AVAILABLE,NOT_AVAILABLE,KNOWN_FAILURE_AUDIT
13995fb5-1345-4ce8-a5d0-f3f8605e1d09,f234a770-a1ff-4c1c-8e93-30cdf1572bf2,2026-08-13 05:02:07.181+00,SENT,KAITOUSDT,SHORT,TREND,rules-profit-oriented-v4,79.659,BEAR,0.4425,0.4523,0.423,2.000,2026-08-13 04:59:59.999+00,2026-08-13 04:59:59.999+00,0.442500000000,0.442411500000,0.452300000000,0.423000000000,2026-08-13 06:29:59.999+00,0.452390460000,STOP_LOSS,-45.10190551,1.61769457,0.00000000,0.80884551,-46.71960008,-1.05478375,1.500000,NOT_AVAILABLE,NOT_AVAILABLE,NOT_AVAILABLE,KNOWN_FAILURE_AUDIT
5f1ffd75-66f3-4279-8925-2029ebbbc280,419d97b8-06d4-4eee-a030-92f17855c9c1,2026-08-13 07:02:08.63+00,SENT,BLESSUSDT,SHORT,TREND,rules-profit-oriented-v4,74.958,BEAR,0.0105,0.010874,0.009753,2.000,2026-08-13 06:59:59.999+00,2026-08-13 06:59:59.999+00,0.010500000000,0.010497900000,0.010874000000,0.009753000000,2026-08-13 07:59:59.999+00,0.010440087600,SIGNAL_REPLACED,7.72888194,1.11967145,0.00000000,0.55983606,6.60921049,0.13218504,1.000000,NOT_AVAILABLE,NOT_AVAILABLE,NOT_AVAILABLE,KNOWN_FAILURE_AUDIT
3e939834-25ca-43e6-a4df-e39401686a21,6afa11f9-7967-4cbf-859d-7e485343a4af,2026-08-13 08:02:07.834+00,SENT,BLESSUSDT,SHORT,TREND,rules-profit-oriented-v4,75.759,BEAR,0.010438,0.01066,0.009994,2.000,2026-08-13 07:59:59.999+00,2026-08-13 07:59:59.999+00,0.010438000000,0.010435912400,0.010660000000,0.009994000000,2026-08-13 08:14:59.999+00,0.009995998800,TAKE_PROFIT,84.29052516,1.56595888,0.09997969,0.78298284,82.82454596,1.94712897,0.250000,0.999779,NOT_AVAILABLE,NOT_AVAILABLE,KNOWN_FAILURE_AUDIT
35a8bb34-38da-4de6-8e23-31f13cddbef0,7405aa90-bdd3-4f25-99f4-26e0672778a9,2026-08-13 09:02:07.421+00,SENT,HEIUSDT,SHORT,TREND,rules-profit-oriented-v4,76.110,BEAR,0.12797,0.12959,0.12473,2.000,2026-08-13 08:59:59.999+00,2026-08-13 08:59:59.999+00,0.127970000000,0.127944406000,0.129590000000,0.124730000000,2026-08-13 10:29:59.999+00,0.129615918000,STOP_LOSS,-26.12339244,1.61012291,0.00000000,0.80506044,-27.73351536,-1.09539267,1.500000,NOT_AVAILABLE,NOT_AVAILABLE,NOT_AVAILABLE,KNOWN_FAILURE_AUDIT
2a401d30-df22-46e8-9a54-2947e5c101ac,21163ba3-aaa1-48dc-b264-e953afc7644e,2026-08-13 11:02:09.446+00,SENT,EPICUSDT,SHORT,TREND,rules-profit-oriented-v4,71.514,BEAR,0.3291,0.3367,0.3139,2.000,2026-08-13 10:59:59.999+00,2026-08-13 10:59:59.999+00,0.329100000000,0.329034180000,0.336700000000,0.313900000000,2026-08-13 11:59:59.999+00,0.327065400000,SIGNAL_REPLACED,11.96447294,1.59487310,0.00000000,0.79743706,10.36959983,0.22451844,1.000000,NOT_AVAILABLE,NOT_AVAILABLE,NOT_AVAILABLE,KNOWN_FAILURE_AUDIT
9e9482ef-ac04-407b-a185-2f3cd907fe7d,2c30072c-eecf-40b5-8c8f-b7cb2b25afea,2026-08-13 12:02:07.889+00,SENT,EPICUSDT,SHORT,TREND,rules-profit-oriented-v4,72.927,BEAR,0.327,0.3363,0.3085,2.000,2026-08-13 11:59:59.999+00,2026-08-13 11:59:59.999+00,0.327000000000,0.326934600000,0.336300000000,0.308500000000,2026-08-13 13:14:59.999+00,0.336367260000,STOP_LOSS,-50.71280996,1.42644392,-1.15528249,0.71321996,-53.29453636,-1.06589947,1.250000,0.999568,NOT_AVAILABLE,NOT_AVAILABLE,KNOWN_FAILURE_AUDIT
0e73d65d-a0cc-4d55-97e5-81452d762ce9,bd5dc71a-aa0b-4e1a-9d63-c79b71131823,2026-08-13 14:02:06.946+00,SENT,ONEUSDT,SHORT,TREND,rules-profit-oriented-v4,78.008,BEAR,0.000789,0.000812,0.000743,2.000,2026-08-13 13:59:59.999+00,2026-08-13 13:59:59.999+00,0.000789000000,0.000788842200,0.000812000000,0.000743000000,2026-08-13 16:44:59.999+00,0.000743148600,TAKE_PROFIT,99.33391106,1.33216589,-2.87342625,0.66608694,95.12831892,1.90256642,2.750000,NOT_AVAILABLE,NOT_AVAILABLE,NOT_AVAILABLE,KNOWN_FAILURE_AUDIT
367c2a88-ffd3-47a4-8bf0-25107ace596d,4ce63153-9fea-48dc-95df-04178e4c6692,2026-08-13 17:02:06.824+00,SENT,BLESSUSDT,SHORT,TREND,rules-profit-oriented-v4,75.262,BEAR,0.009442,0.009686,0.008955,2.000,2026-08-13 16:59:59.999+00,2026-08-13 16:59:59.999+00,0.009442000000,0.009440111600,0.009686000000,0.008955000000,2026-08-13 17:29:59.999+00,0.009687937200,STOP_LOSS,-50.78392630,1.56787260,0.00000000,0.78393430,-52.35179890,-1.04703615,0.500000,8.999719,NOT_AVAILABLE,NOT_AVAILABLE,KNOWN_FAILURE_AUDIT
32f8d2e7-b8dd-4c4a-8d64-74b13022dfbf,18804fc5-5ef7-4654-8479-a9584e28be25,2026-08-13 18:02:10.378+00,SENT,KAITOUSDT,SHORT,TREND,rules-profit-oriented-v4,74.659,BEAR,0.4464,0.4658,0.4077,2.000,2026-08-13 17:59:59.999+00,2026-08-13 17:59:59.999+00,0.446400000000,0.446310720000,0.465800000000,0.407700000000,2026-08-14 01:59:59.999+00,0.423184620000,SIGNAL_REPLACED,59.60289753,0.89638014,0.00000000,0.44819247,58.70651739,1.17413927,8.000000,13.000888,NOT_AVAILABLE,NOT_AVAILABLE,KNOWN_FAILURE_AUDIT
9865d835-fba4-4d59-93ef-867958ffccbc,d0ad42d8-70df-4b3d-ab9f-19a276a14577,2026-08-14 02:02:10.536+00,SENT,KAITOUSDT,SHORT,TREND,rules-profit-oriented-v4,75.664,BEAR,0.4231,0.4336,0.4021,2.000,2026-08-14 01:59:59.999+00,2026-08-14 01:59:59.999+00,0.423100000000,0.423015380000,0.433600000000,0.402100000000,2026-08-14 07:14:59.999+00,0.402180420000,TAKE_PROFIT,98.48685592,1.56028022,-1.88543690,0.78014408,95.04113880,1.91485869,5.250000,8.000044,NOT_AVAILABLE,NOT_AVAILABLE,KNOWN_FAILURE_AUDIT
b7f9010e-c611-4d2c-b821-5f6fd4d5e54b,2c0a3bf3-c4a3-4dc0-99ab-bb5b0ed89666,2026-08-14 08:02:09.044+00,SENT,BICOUSDT,SHORT,TREND,rules-profit-oriented-v4,75.363,BEAR,0.02748,0.02828,0.02589,2.000,2026-08-14 07:59:59.999+00,2026-08-14 07:59:59.999+00,0.027480000000,0.027474504000,0.028280000000,0.025890000000,2026-08-14 08:29:59.999+00,0.028285656000,STOP_LOSS,-50.69700000,1.39400400,-3.45507342,0.69700000,-55.54607742,-1.11092155,0.500000,NOT_AVAILABLE,NOT_AVAILABLE,NOT_AVAILABLE,KNOWN_FAILURE_AUDIT
e6a3cece-1041-48e8-8ebf-de0fab03a6ea,bb99d7c3-446c-4c03-ba71-f00772d70c67,2026-08-14 09:02:08.557+00,SENT,1000BONKUSDT,SHORT,TREND,rules-profit-oriented-v4,75.905,BEAR,0.002302,0.002333,0.00224,2.000,2026-08-14 08:59:59.999+00,2026-08-14 08:59:59.999+00,0.002302000000,0.002301539600,0.002333000000,0.002240000000,2026-08-14 11:29:59.999+00,0.002333466600,STOP_LOSS,-27.73846494,1.61077404,0.00000000,0.80538594,-29.34923898,-1.08970976,2.500000,NOT_AVAILABLE,NOT_AVAILABLE,NOT_AVAILABLE,KNOWN_FAILURE_AUDIT
6a84ec76-2ba1-4b31-9d9b-758fd8cf4300,54f18091-56d5-465c-bc0b-d9ee48fcf959,2026-08-14 12:02:07.445+00,SENT,ALLOUSDT,SHORT,TREND,rules-profit-oriented-v4,78.454,BEAR,0.26844,0.27638,0.25256,2.000,2026-08-14 11:59:59.999+00,2026-08-14 11:59:59.999+00,0.268440000000,0.268386312000,0.276380000000,0.252560000000,2026-08-14 13:14:59.999+00,0.276435276000,STOP_LOSS,-50.68432631,1.37229662,-0.00642211,0.68614631,-52.06304503,-1.04129880,1.250000,NOT_AVAILABLE,NOT_AVAILABLE,NOT_AVAILABLE,KNOWN_FAILURE_AUDIT
86bb45e4-3afe-4592-b421-cbcf2c78e78b,a4548aed-5b79-42ca-ac02-0b181d7655c1,2026-08-14 14:02:08.977+00,SENT,ONEUSDT,SHORT,TREND,rules-profit-oriented-v4,72.140,BEAR,0.000642,0.000661,0.000604,2.000,2026-08-14 13:59:59.999+00,2026-08-14 13:59:59.999+00,0.000642000000,0.000641871600,0.000661000000,0.000604000000,2026-08-14 14:59:59.999+00,0.000642128400,SIGNAL_REPLACED,-0.67578923,1.35157846,0.00000000,0.67578923,-2.02736769,-0.04054737,1.000000,24.000564,NOT_AVAILABLE,NOT_AVAILABLE,KNOWN_FAILURE_AUDIT
46767955-c35b-45da-9c23-088e2ce69db1,c444b6b0-6493-4cc2-b83c-869e88dcc740,2026-08-14 15:02:10.049+00,SENT,ONEUSDT,SHORT,TREND,rules-profit-oriented-v4,73.974,BEAR,0.000642,0.000661,0.000604,2.000,2026-08-14 14:59:59.999+00,2026-08-14 14:59:59.999+00,0.000642000000,0.000641871600,0.000661000000,0.000604000000,2026-08-14 15:59:59.999+00,0.000641128200,SIGNAL_REPLACED,1.95631509,1.35052562,0.00000000,0.67526291,0.60578947,0.01211579,1.000000,1.000298,NOT_AVAILABLE,NOT_AVAILABLE,KNOWN_FAILURE_AUDIT
3dabd84e-a4ad-4b41-9a66-3ddd0c6279bf,5ebbeccb-c8d9-448e-ba0f-27777da6a298,2026-08-14 16:02:08.063+00,SENT,ONEUSDT,SHORT,TREND,rules-profit-oriented-v4,75.891,BEAR,0.000641,0.000661,0.000601,2.000,2026-08-14 15:59:59.999+00,2026-08-14 15:59:59.999+00,0.000641000000,0.000640871800,0.000661000000,0.000601000000,2026-08-14 20:14:59.999+00,0.000661132200,STOP_LOSS,-50.65097974,1.30200348,0.08010894,0.65099974,-51.87287428,-1.03745790,4.250000,0.999448,NOT_AVAILABLE,NOT_AVAILABLE,KNOWN_FAILURE_AUDIT
baf6f0cf-cc4e-4d55-a824-4e5dae7fa85e,316265eb-689d-4a57-b9bb-47bc9df5f01c,2026-08-14 21:02:08.695+00,SENT,HUSDT,LONG,TREND,rules-profit-oriented-v4,75.491,BULL,0.11956,0.11738,0.12392,2.000,2026-08-14 20:59:59.999+00,2026-08-14 20:59:59.999+00,0.119560000000,0.119583912000,0.117380000000,0.123920000000,2026-08-14 22:44:59.999+00,0.117356524000,STOP_LOSS,-37.25974646,1.58541585,0.00000000,0.79270646,-38.84516231,-1.06521292,1.750000,NOT_AVAILABLE,NOT_AVAILABLE,NOT_AVAILABLE,KNOWN_FAILURE_AUDIT
7b253d55-012a-4806-8a6f-cbe062bd62c1,40a63a6a-63ea-4ded-93ec-93b8b5b98863,2026-08-14 23:02:07.704+00,SENT,BICOUSDT,SHORT,TREND,rules-profit-oriented-v4,78.091,BEAR,0.0249,0.02554,0.02362,2.000,2026-08-14 22:59:59.999+00,2026-08-14 22:59:59.999+00,0.024900000000,0.024895020000,0.025540000000,0.023620000000,2026-08-14 23:29:59.999+00,0.025545108000,STOP_LOSS,-50.78747491,1.57623382,0.00000000,0.78811491,-52.36370874,-1.04728758,0.500000,14.999628,NOT_AVAILABLE,NOT_AVAILABLE,KNOWN_FAILURE_AUDIT
9d38ba65-78b1-4b8d-af56-689b88040dec,6fe8d47f-acd9-4002-9fe4-9f4b651042f3,2026-08-15 00:02:08.143+00,SENT,LABUSDT,SHORT,TREND,rules-profit-oriented-v4,78.235,BEAR,0.0859,0.0876,0.0826,2.000,2026-08-14 23:59:59.999+00,2026-08-14 23:59:59.999+00,0.085900000000,0.085882820000,0.087600000000,0.082600000000,2026-08-15 00:14:59.999+00,0.087617520000,STOP_LOSS,-40.38728540,1.61577397,0.57506305,0.80788540,-41.42799632,-1.04670602,0.250000,52.999254,NOT_AVAILABLE,NOT_AVAILABLE,KNOWN_FAILURE_AUDIT
8672cc59-04e9-4fb3-837f-8e09d3395d2e,70a301a6-2814-4d51-aca1-c1da7d29f0fb,2026-08-15 01:02:08.043+00,SENT,KAITOUSDT,SHORT,TREND,rules-profit-oriented-v4,78.894,BEAR,0.4003,0.4108,0.3793,2.000,2026-08-15 00:59:59.999+00,2026-08-15 00:59:59.999+00,0.400300000000,0.400219940000,0.410800000000,0.379300000000,2026-08-15 18:44:59.999+00,0.379375860000,TAKE_PROFIT,99.25742455,1.48494290,-7.39794384,0.74247545,90.37453781,1.80749256,17.750000,22.999308,NOT_AVAILABLE,NOT_AVAILABLE,KNOWN_FAILURE_AUDIT
3e531ef2-555f-4048-b403-6e9fe61804ca,6ca4e837-ca15-4dab-8fc4-7b205717c5d9,2026-08-15 20:02:07.259+00,SENT,DOLOUSDT,SHORT,TREND,trend-rejection-short-v1,76.655,BEAR,0.02031,0.02086,0.01922,2.000,2026-08-15 19:59:59.999+00,2026-08-15 19:59:59.999+00,0.020310000000,0.020305938000,0.020860000000,0.019220000000,2026-08-15 21:59:59.999+00,0.020864172000,STOP_LOSS,-50.74849471,1.49709341,-0.52071757,0.74854471,-52.76630569,-1.05532717,2.000000,NOT_AVAILABLE,NOT_AVAILABLE,NOT_AVAILABLE,KNOWN_FAILURE_AUDIT
9426b791-003d-4842-b61e-f3d43e6e71da,8a3f78ec-fe07-4246-a4f4-c58094bc5358,2026-08-16 01:02:06.921+00,SENT,HEIUSDT,SHORT,TREND,trend-rejection-short-v1,74.666,BEAR,0.12419,0.1297,0.11317,2.000,2026-08-16 00:59:59.999+00,2026-08-16 00:59:59.999+00,0.124190000000,0.124165162000,0.129700000000,0.113170000000,2026-08-16 07:59:59.999+00,0.129725940000,STOP_LOSS,-50.46072388,0.92156377,-0.08998021,0.46077988,-51.47226786,-1.02944651,7.000000,63.999861,NOT_AVAILABLE,NOT_AVAILABLE,KNOWN_FAILURE_AUDIT
94021fc8-e4d7-4804-9a0b-3c9e00671a68,c1027282-1606-44c8-a5b5-fffcadeafedd,2026-08-16 12:02:06.904+00,SENT,TUTUSDT,SHORT,TREND,trend-rejection-short-v1,71.373,BEAR,0.03243,0.03346,0.03038,2.000,2026-08-16 11:59:59.999+00,2026-08-16 11:59:59.999+00,0.032430000000,0.032423514000,0.033460000000,0.030380000000,2026-08-16 14:14:59.999+00,0.033466692000,STOP_LOSS,-50.63898965,1.27940331,0.07869673,0.63969965,-51.83969623,-1.03680865,2.250000,NOT_AVAILABLE,NOT_AVAILABLE,NOT_AVAILABLE,KNOWN_FAILURE_AUDIT
f6b860c2-bf4d-4d1e-8b72-8bb93fbce29c,0099db13-c235-4746-84d6-42b1bf28bd80,2026-08-16 21:02:06.539+00,SENT,BLESSUSDT,SHORT,TREND,trend-rejection-short-v1,73.671,BEAR,0.008933,0.009178,0.008443,2.000,2026-08-16 20:59:59.999+00,2026-08-16 20:59:59.999+00,0.008933000000,0.008931213400,0.009178000000,0.008443000000,2026-08-16 21:29:59.999+00,0.009179835600,STOP_LOSS,-50.73906720,1.47844840,0.00000000,0.73922220,-52.21751559,-1.04435355,0.500000,75.999921,NOT_AVAILABLE,NOT_AVAILABLE,KNOWN_FAILURE_AUDIT
6e0f43b7-55c0-419d-b668-a7c0582d28cc,3319cf19-4832-48e8-806b-b43ba1138b2d,2026-08-17 14:02:07.764+00,SENT,LABUSDT,SHORT,TREND,trend-rejection-short-v1,70.678,BEAR,0.0776,0.0792,0.0744,2.000,2026-08-17 13:59:59.999+00,2026-08-17 13:59:59.999+00,0.077600000000,0.077584480000,0.079200000000,0.074400000000,2026-08-17 14:14:59.999+00,0.079215840000,STOP_LOSS,-42.04504128,1.61648586,0.00000000,0.80824128,-43.66152714,-1.05880008,0.250000,61.999895,NOT_AVAILABLE,NOT_AVAILABLE,KNOWN_FAILURE_AUDIT
bd2f59b7-403a-46bf-8edd-d54f0342699d,a9266b7a-cca7-4842-b7e0-fb57a679c470,2026-08-17 15:02:07.056+00,SENT,HOMEUSDT,SHORT,TREND,trend-rejection-short-v1,73.165,BEAR,0.006786,0.006938,0.006483,2.000,2026-08-17 14:59:59.999+00,2026-08-17 14:59:59.999+00,0.006786000000,0.006784642800,0.006938000000,0.006483000000,2026-08-17 16:44:59.999+00,0.006939387600,STOP_LOSS,-45.60700644,1.61792045,-4.27249906,0.80895844,-51.49742595,-1.14954620,1.750000,NOT_AVAILABLE,NOT_AVAILABLE,NOT_AVAILABLE,KNOWN_FAILURE_AUDIT
b0936cf8-c00b-4e69-b760-e520078a6581,61815011-4db4-4337-9f37-5f47931687df,2026-08-18 01:02:07.475+00,SENT,HOMEUSDT,SHORT,TREND,trend-rejection-short-v1,70.629,BEAR,0.006563,0.006938,0.005814,2.000,2026-08-18 00:59:59.999+00,2026-08-18 00:59:59.999+00,0.006563000000,0.006561687400,0.006938000000,0.005814000000,2026-08-19 02:59:59.999+00,0.005815162800,TAKE_PROFIT,99.53636449,0.66009703,-15.13197447,0.33005251,83.74429299,1.67489005,26.000000,10.000116,NOT_AVAILABLE,NOT_AVAILABLE,KNOWN_FAILURE_AUDIT
1f680659-2a3f-4784-bda5-1275ca6018f9,6393a205-c0f9-4791-b494-f726863bf357,2026-08-19 13:02:10.499+00,SENT,BICOUSDT,SHORT,TREND,trend-rejection-short-v1,71.484,BEAR,0.01727,0.01757,0.01668,2.000,2026-08-19 12:59:59.999+00,2026-08-19 12:59:59.999+00,0.017270000000,0.017266546000,0.017570000000,0.016680000000,2026-08-19 15:29:59.999+00,0.017573514000,STOP_LOSS,-35.54904318,1.61388913,0.00000000,0.80694318,-37.16293231,-1.06968008,2.500000,110.000776,NOT_AVAILABLE,NOT_AVAILABLE,KNOWN_FAILURE_AUDIT
c70fd39c-0c08-47bc-adc7-efca3857a588,ef67d444-ce9b-4a07-8aa4-a870d7032f61,2026-08-20 09:02:07.817+00,SENT,HEIUSDT,SHORT,TREND,trend-rejection-short-v1,71.672,BEAR,0.1251,0.12826,0.11878,2.000,2026-08-20 08:59:59.999+00,2026-08-20 08:59:59.999+00,0.125100000000,0.125074980000,0.128260000000,0.118780000000,2026-08-20 10:14:59.999+00,0.128285652000,STOP_LOSS,-50.80149985,1.60353971,0.00000000,0.80176785,-52.40503956,-1.04810641,1.250000,104.000249,NOT_AVAILABLE,NOT_AVAILABLE,KNOWN_FAILURE_AUDIT
28f603e5-10ae-4de4-a27c-d68ac044f518,37fdf902-8207-419f-b84c-219596e500cb,2026-08-20 12:02:07.502+00,SENT,APRUSDT,SHORT,TREND,trend-rejection-short-v1,73.833,BEAR,0.1827,0.187,0.1741,2.000,2026-08-20 11:59:59.999+00,2026-08-20 11:59:59.999+00,0.182700000000,0.182663460000,0.187000000000,0.174100000000,2026-08-20 12:44:59.999+00,0.187037400000,STOP_LOSS,-47.87714724,1.61869825,0.09997171,0.80934724,-49.39587377,-1.04946213,0.750000,NOT_AVAILABLE,NOT_AVAILABLE,NOT_AVAILABLE,KNOWN_FAILURE_AUDIT
1bc5db9a-8ff4-4749-8465-cbef75c1f097,bed67b2d-3d60-4d00-b8fb-407aff239745,2026-08-21 01:02:07.335+00,SENT,GRVTUSDT,SHORT,TREND,trend-rejection-short-v1,71.159,BEAR,0.2768,0.2832,0.264,2.000,2026-08-21 00:59:59.999+00,2026-08-21 00:59:59.999+00,0.276800000000,0.276744640000,0.283200000000,0.264000000000,2026-08-21 11:44:59.999+00,0.283256640000,STOP_LOSS,-47.04920000,1.61840370,-0.39959608,0.80920000,-49.06719978,-1.06114186,10.750000,NOT_AVAILABLE,NOT_AVAILABLE,NOT_AVAILABLE,KNOWN_FAILURE_AUDIT
f7177f96-0850-4df7-9fa4-7506e3a281ea,2b3fc281-e696-4a47-a0cd-f3226c7e1946,2026-08-23 11:02:07.428+00,SENT,LABUSDT,SHORT,TREND,trend-rejection-short-v1,71.568,BEAR,0.07239,0.07334,0.07049,2.000,2026-08-23 10:59:59.999+00,2026-08-23 10:59:59.999+00,0.072390000000,0.072375522000,0.073340000000,0.070490000000,2026-08-23 14:44:59.999+00,0.070504098000,TAKE_PROFIT,51.70370227,1.57899126,0.09997955,0.78949773,50.22469056,1.91356940,3.750000,140.999907,NOT_AVAILABLE,NOT_AVAILABLE,KNOWN_FAILURE_AUDIT
